epoch,steps,cosine_pearson,cosine_spearman,euclidean_pearson,euclidean_spearman,manhattan_pearson,manhattan_spearman,dot_pearson,dot_spearman
0,-1,0.8529384103437377,0.8504476559420411,0.8301978855127287,0.8463419378102287,0.8303228925883328,0.8461806918702279,0.8201036866380023,0.8270395600351487
1,-1,0.8565702416803489,0.8549162696562721,0.8322508527183149,0.8506671811946298,0.8321849190111978,0.8503231521896082,0.8225195933843186,0.8283094808471332
2,-1,0.8588732428421264,0.8569340112298169,0.8356430874025433,0.8518310548916087,0.8356258585117444,0.8518133057536728,0.8236373243087244,0.8297358021237573
3,-1,0.8592483651579147,0.8575042398750364,0.8357405000868383,0.8515195152609804,0.8356492261836699,0.8512060484480384,0.8232651597749732,0.8298218609024676
